valor_nominal;precio
96.00;90.40
97.16;92.00
102.96;93.00
108.63;93.00
123.40;96.00
125.59;96.00
135.80;96.00
146.21;93.00
207.18;95.50
209.04;98.00
211.57;96.00
213.27;98.00
214.99;95.50
233.14;96.60
241.45;96.00
242.43;95.50
251.39;94.00
251.90;96.00
252.88;95.00
257.88;95.50
275.67;95.75
275.96;95.00
276.46;95.50
286.36;95.00
286.36;95.20
289.22;96.55
298.11;97.00
300.00;98.35
303.15;94.00
307.63;96.55
316.10;97.50
329.61;95.00
342.18;95.00
347.04;96.65
352.74;98.30
356.22;98.20
361.92;96.50
364.01;96.65
366.44;96.50
372.47;97.50
382.60;98.00
393.61;96.50
401.96;96.65
414.93;96.65
415.04;97.00
416.21;97.05
426.42;97.15
431.10;96.00
432.43;96.65
434.98;97.50
437.68;96.00
443.72;95.00
462.27;96.00
468.28;97.55
470.68;96.65
475.86;97.90
476.72;96.50
481.06;96.85
497.75;96.65
499.34;96.65
505.79;97.00
508.64;98.20
508.65;98.30
511.96;97.00
523.00;97.00
524.04;97.75
530.18;97.00
535.09;97.15
537.42;97.00
541.61;97.00
564.73;98.20
566.51;97.00
567.01;97.50
573.71;98.05
577.50;97.00
578.83;97.00
582.68;97.05
598.07;98.15
601.33;97.00
603.76;98.00
606.17;97.00
620.87;98.30
626.58;97.50
627.30;97.15
628.10;97.90
628.73;97.00
632.56;98.05
635.74;98.00
644.02;98.05
652.78;98.00
658.90;97.50
662.43;97.50
668.85;97.50
674.44;97.60
686.40;98.25
693.12;97.50
693.59;97.50
699.02;97.15
700.00;98.30
720.17;97.50
723.27;98.25
726.10;97.00
727.44;97.55
756.67;98.00
768.95;98.20
771.16;97.85
787.02;97.15
798.47;98.40
803.76;97.00
808.67;98.00
811.73;97.75
812.47;97.75
823.06;98.30
824.21;98.05
833.27;98.00
839.57;97.75
844.56;98.05
845.38;98.10
853.05;98.00
854.25;97.50
856.00;97.50
857.33;98.00
864.79;98.35
871.41;97.50
872.60;98.00
877.68;97.50
877.91;97.50
886.45;97.75
890.98;98.00
892.00;98.05
898.92;97.50
900.00;98.30
900.00;98.30
900.00;98.30
903.80;98.00
903.92;98.20
905.75;96.75
914.04;98.00
924.87;97.50
941.89;97.85
942.94;97.75
944.53;97.75
944.80;98.10
957.43;98.00
958.57;98.15
961.01;98.15
966.71;98.00
972.14;98.10
972.18;97.90
985.52;98.00
986.82;98.00
991.07;98.00
992.61;98.00
1000.00;98.35
1010.00;98.30
1013.07;98.00
1013.67;98.00
1015.45;98.30
1015.46;98.30
1015.59;98.60
1023.40;98.00
1026.04;97.85
1046.18;98.30
1050.00;98.55
1059.20;98.25
1061.11;98.00
1063.43;98.20
1068.77;98.00
1074.80;98.00
1099.57;98.00
1106.09;98.00
1118.34;98.30
1118.83;98.20
1122.24;98.25
1122.99;98.00
1139.33;98.10
1149.80;98.00
1152.27;98.00
1154.36;98.00
1157.24;98.50
1160.22;98.10
1163.45;98.00
1168.89;98.30
1172.53;98.20
1172.61;98.10
1173.42;98.00
1184.91;98.15
1188.30;98.15
1194.66;98.00
1209.15;98.20
1211.25;98.30
1217.35;98.00
1236.62;98.00
1236.63;98.25
1236.82;98.00
1251.44;98.25
1254.03;98.15
1259.66;98.00
1262.66;98.00
1266.19;98.00
1273.56;98.00
1284.03;98.50
1284.39;98.20
1284.63;98.00
1293.28;98.10
1294.70;98.20
1300.16;98.30
1300.42;98.00
1304.80;98.20
1306.62;98.20
1310.37;98.00
1323.36;98.00
1325.82;98.10
1328.43;98.00
1330.40;98.00
1333.53;98.35
1336.15;98.27
1336.60;98.20
1350.57;98.45
1360.78;98.10
1370.85;98.10
1379.70;98.00
1389.03;98.45
1396.55;98.00
1408.90;98.45
1411.08;98.20
1417.86;98.00
1418.75;98.15
1432.57;98.30
1458.00;98.00
1465.81;98.00
1469.47;98.00
1480.98;98.00
1489.23;98.15
1489.73;98.10
1492.48;98.15
1503.36;98.00
1515.17;98.10
1532.63;98.05
1539.87;97.55
1544.10;98.10
1550.85;98.25
1551.56;98.35
1560.87;98.00
1567.64;98.20
1576.04;98.00
1586.74;98.00
1594.10;98.05
1603.26;98.00
1609.31;98.00
1615.39;98.00
1619.20;98.00
1628.43;98.25
1639.10;98.00
1645.60;98.55
1646.53;98.00
1653.49;98.10
1655.65;98.00
1665.05;98.50
1677.91;98.25
1698.74;98.55
1699.23;98.10
1703.32;98.00
1703.80;98.00
1729.29;98.30
1746.74;98.00
1750.73;98.20
1800.00;98.60
1800.80;98.00
1814.85;98.50
1816.07;98.25
1818.60;98.05
1820.38;98.15
1859.98;98.20
1860.56;98.25
1883.45;98.20
1886.95;98.50
1904.98;98.00
1907.71;98.25
1910.74;98.00
1916.76;98.60
1917.23;98.00
1921.57;98.20
1928.65;98.20
1938.68;98.00
1960.71;98.00
1963.89;98.05
1965.65;98.25
1971.65;98.10
1979.98;98.00
1982.51;98.10
1987.57;98.10
1993.25;98.00
2000.00;98.35
2000.00;98.55
2025.21;98.70
2026.04;98.30
2027.24;98.10
2038.52;98.00
2060.81;98.25
2070.27;98.20
2081.00;98.20
2086.14;98.30
2087.93;98.25
2094.89;98.45
2095.15;98.20
2114.99;98.00
2123.34;98.15
2133.04;98.60
2138.01;98.25
2145.66;98.00
2152.61;98.15
2191.51;98.10
2193.58;98.05
2200.00;98.60
2207.24;98.55
2212.78;98.50
2217.65;98.10
2218.31;98.25
2219.95;98.50
2236.16;98.00
2247.21;98.30
2254.32;98.30
2256.33;98.10
2267.30;98.15
2283.78;98.25
2291.24;98.20
2295.42;98.20
2310.00;98.35
2315.54;98.10
2348.05;98.00
2359.23;98.15
2385.22;98.20
2394.03;98.15
2394.36;98.45
2403.21;98.00
2417.22;98.50
2420.71;98.25
2426.72;98.05
2442.67;98.20
2464.49;98.00
2476.00;98.35
2500.00;98.10
2525.50;98.50
2553.94;98.40
2557.21;98.20
2575.17;98.40
2577.31;98.00
2578.61;98.70
2582.39;98.30
2585.16;98.00
2621.14;98.00
2629.41;98.60
2631.50;98.65
2632.27;98.40
2636.67;98.00
2638.17;98.30
2652.55;98.05
2663.20;98.15
2668.26;98.30
2681.54;98.20
2685.68;98.30
2697.43;98.30
2709.65;98.20
2717.79;98.40
2722.85;98.00
2727.70;98.00
2732.61;98.30
2739.12;98.00
2741.96;98.45
2756.05;98.20
2762.06;98.05
2771.98;98.00
2774.57;98.00
2775.29;98.40
2776.94;98.50
2783.69;98.20
2802.57;98.55
2806.21;98.30
2828.39;98.50
2841.94;98.40
2842.32;98.45
2861.62;98.30
2878.96;98.00
2888.78;98.05
2890.35;98.30
2945.69;98.15
2947.81;98.00
2948.61;98.20
2976.76;98.55
2990.15;98.10
2993.72;98.00
3008.31;98.40
3023.97;98.50
3042.67;98.20
3061.25;98.15
3061.58;98.20
3062.96;98.00
3079.92;98.60
3080.62;98.20
3112.56;98.40
3122.12;98.50
3134.78;98.00
3140.67;98.45
3163.85;98.30
3173.25;98.20
3177.51;98.05
3193.12;98.25
3226.15;98.10
3279.99;98.30
3282.38;98.45
3314.06;98.30
3328.52;98.30
3337.21;98.00
3339.10;98.00
3346.41;98.35
3348.48;98.45
3352.49;98.60
3365.05;98.35
3365.50;98.10
3366.95;98.00
3377.34;98.50
3382.63;98.25
3383.17;98.20
3387.52;98.55
3423.73;98.00
3456.29;98.25
3467.16;98.30
3494.47;98.20
3519.45;98.20
3554.67;98.50
3563.08;98.05
3593.18;98.20
3621.50;98.20
3658.10;98.25
3670.21;98.30
3675.61;98.20
3684.34;98.00
3696.32;98.25
3707.67;98.30
3737.40;98.35
3751.43;98.20
3780.00;98.20
3791.88;98.40
3815.72;98.50
3827.61;98.30
3867.72;98.60
3868.78;98.30
3873.13;98.35
3879.11;98.10
4000.00;98.20
4000.00;98.10
4022.00;98.60
4031.91;98.25
4078.97;98.20
4099.37;98.55
4195.26;98.35
4276.81;98.00
4277.17;98.10
4289.00;98.00
4323.53;98.30
4372.57;98.25
4377.23;98.20
4387.64;98.20
4394.09;98.15
4444.37;98.60
4464.73;98.25
4478.93;98.20
4507.04;98.50
4515.24;98.00
4530.00;98.15
4533.42;98.45
4533.65;98.50
4558.03;98.60
4560.14;98.40
4565.77;98.30
4573.57;98.35
4594.75;98.10
4704.62;98.30
4730.80;98.25
4834.79;98.20
4851.77;98.35
4932.54;98.20
5000.56;98.35
5035.50;98.10
5040.79;98.30
5061.01;98.40
5100.00;98.50
5104.90;98.35
5194.40;98.70
5196.03;98.35
5200.52;98.55
5202.05;98.10
5205.05;98.35
5213.50;98.45
5274.05;98.15
5293.76;98.25
5294.06;98.55
5355.25;98.55
5370.47;98.45
5389.39;98.50
5427.93;98.50
5449.03;98.30
5485.46;98.30
5486.60;98.40
5551.15;98.25
5551.15;98.20
5558.43;98.10
5572.72;98.35
5604.55;98.10
5633.36;98.25
5696.63;98.10
5725.75;98.30
5846.49;98.25
5872.78;98.20
5881.49;98.35
5886.27;98.35
5902.11;98.55
5922.90;98.60
5929.56;98.30
5951.83;98.50
5987.89;98.50
6002.27;98.35
6027.64;98.60
6044.81;98.25
6060.14;98.60
6072.50;98.60
6156.43;98.35
6271.49;98.30
6299.43;98.30
6302.82;98.55
6400.96;98.74
6479.34;98.60
6517.28;98.50
6526.73;98.10
6533.83;98.40
6550.73;98.50
6599.04;98.75
6684.99;98.55
6693.33;98.30
6760.22;98.55
6847.17;98.10
6885.87;98.50
6935.47;98.65
6978.24;98.50
6985.57;98.15
7000.00;98.65
7037.82;98.30
7131.62;98.10
7146.37;98.45
7183.61;98.15
7270.69;98.00
7331.92;98.20
7376.95;98.40
7402.78;98.10
7404.09;98.20
7409.71;98.25
7428.48;98.50
7508.26;98.70
7514.41;98.75
7522.73;98.15
7684.06;98.10
7709.54;98.60
7915.38;98.35
7982.54;98.20
7995.85;98.55
7998.35;98.80
8000.00;98.70
8000.00;98.35
8073.31;98.50
8183.59;98.10
8201.03;98.60
8232.07;98.20
8302.01;98.50
8302.17;98.50
8348.31;98.50
8349.53;98.30
8398.32;98.10
8407.85;98.40
8442.91;98.10
8500.57;98.10
8524.69;98.30
8530.31;98.40
8531.31;98.60
8622.72;98.15
8658.33;98.10
8778.44;98.60
8800.00;98.40
8857.71;98.30
8912.97;98.55
8937.02;98.25
8938.65;98.20
8939.97;98.60
8965.89;98.55
8985.85;98.60
9030.08;98.35
9054.93;98.50
9059.00;98.65
9065.08;98.35
9092.45;98.75
9122.36;98.10
9126.68;98.30
9184.24;98.30
9210.55;98.20
9262.15;98.75
9266.41;98.35
9541.19;98.25
9613.76;98.65
9632.30;98.45
9770.96;98.10
9776.54;98.60
9788.22;98.50
9847.94;98.30
9863.38;98.35
9909.76;98.60
9939.69;98.10
9941.52;98.30
9941.77;98.15
10089.96;98.70
10094.54;98.40
10160.00;98.60
10267.33;98.40
10294.00;98.60
10329.33;98.60
10334.29;98.65
10336.66;98.60
10396.27;98.50
10451.56;98.30
10481.41;98.30
10493.10;98.55
10508.42;98.70
10542.40;98.72
10596.73;98.20
10627.61;98.60
10646.55;98.15
10747.18;98.45
10872.90;98.50
10925.86;98.72
10944.65;98.45
10987.45;98.50
11000.00;98.40
11123.45;98.60
11254.65;98.10
11270.21;98.55
11314.53;98.80
11314.64;98.60
11319.42;98.50
11539.40;98.10
11768.06;98.60
11872.24;98.40
11914.20;98.71
12000.00;98.60
12023.30;98.30
12093.33;98.60
12119.27;98.60
12268.08;98.70
12285.18;98.50
12299.39;98.73
12456.48;98.35
12554.70;98.35
12611.00;98.40
12660.50;98.35
12682.55;98.50
12685.71;98.30
12696.82;98.35
12717.74;98.25
12742.28;98.45
12773.33;98.30
12812.92;98.30
12848.48;98.60
12867.17;98.60
12871.90;98.65
12879.85;98.35
13103.50;98.50
13116.38;98.62
13146.88;98.50
13187.16;98.40
13202.58;98.20
13299.76;98.45
13384.47;98.50
13409.20;98.35
13537.78;98.80
13655.46;98.20
13728.96;98.60
13755.45;98.75
13873.77;98.60
14015.50;98.50
14099.83;98.30
14208.62;98.45
14219.17;98.50
14233.90;98.75
14320.42;98.35
14354.03;98.55
14355.46;98.20
14389.59;98.65
14443.56;98.65
14620.45;98.40
14748.72;98.45
14760.79;98.72
14994.40;98.55
15000.00;98.72
15200.00;98.40
15275.75;98.65
15305.23;98.70
15380.13;98.72
15385.00;98.60
15429.18;98.75
15494.25;98.45
15500.00;98.45
15536.98;98.50
15955.00;98.30
16029.82;98.25
16106.52;98.50
16291.56;98.50
16417.23;98.65
16490.14;98.60
16509.49;98.75
16522.80;98.65
16530.89;98.40
16696.81;98.60
16789.68;98.50
16875.16;98.75
16941.13;98.65
17025.95;98.60
17068.50;98.35
17147.45;98.60
17198.13;98.60
17254.12;98.65
17329.77;98.60
17432.70;98.25
17472.52;98.40
17553.31;98.50
17581.66;98.50
17636.34;98.70
17639.78;98.72
17653.09;98.60
17684.98;98.45
17685.00;98.40
17723.74;98.50
17790.76;98.65
17845.00;98.10
17862.71;98.40
17891.11;98.45
18070.09;98.20
18100.00;98.75
18175.26;98.30
18187.85;98.60
18208.25;98.50
18344.63;98.35
18560.00;98.50
18626.37;98.60
18732.65;98.60
18842.96;98.75
19066.58;98.45
19130.35;98.62
19179.88;98.30
19296.62;98.45
19427.51;98.80
19449.36;98.70
19582.33;98.65
19703.29;98.42
19736.65;98.55
19793.17;98.45
20000.00;98.70
20000.00;98.30
20009.76;98.50
20179.63;98.45
20200.58;98.35
20227.92;98.80
20314.28;98.20
20397.44;98.75
20455.34;98.65
20554.72;98.45
20645.34;98.50
20766.66;98.68
20872.50;98.50
21110.99;98.62
21285.59;98.50
21321.01;98.50
21585.37;98.50
21627.69;98.50
21774.89;98.65
21996.54;98.60
22187.33;98.60
22392.20;98.60
22456.04;98.42
22474.83;98.78
22676.72;98.50
22726.61;98.25
22925.58;98.55
23212.47;98.75
23374.97;98.70
23997.48;98.40
24131.77;98.45
24142.80;98.45
24164.40;98.35
24380.55;98.50
24599.99;98.50
24650.97;98.78
25278.69;98.65
25303.60;98.50
25372.76;98.50
25445.67;98.48
25584.38;98.75
25835.41;98.70
25968.74;98.60
26008.68;98.70
26057.30;98.40
26147.66;98.70
26479.03;98.40
26567.26;98.45
26576.56;98.65
26605.09;98.55
26835.42;98.45
27013.58;98.60
27207.71;98.20
27495.46;98.50
27574.80;98.45
27834.78;98.40
27863.50;98.60
27926.81;98.70
28175.97;98.65
28177.88;98.65
28251.48;98.50
28295.65;98.42
28318.94;98.45
28416.65;98.65
28470.43;98.60
28742.26;98.75
28870.84;98.65
29098.28;98.70
29115.68;98.50
29280.96;98.40
29501.17;98.60
29830.90;98.55
30107.82;98.50
30225.31;98.70
30296.06;98.50
30481.94;98.40
30523.06;98.55
30873.69;98.65
31103.89;98.65
31480.00;98.45
31876.65;98.70
31970.73;98.42
31983.65;98.65
31988.84;98.35
32043.96;98.65
32091.24;98.50
32159.73;98.40
32603.09;98.40
32669.38;98.40
33013.34;98.60
33892.88;98.50
33991.48;98.55
34725.93;98.65
35174.64;98.75
35453.34;98.80
35653.85;98.60
35721.99;98.88
36008.88;98.45
36165.63;98.65
36367.02;98.41
36473.98;98.60
36506.51;98.45
36985.46;98.50
37380.78;98.38
37476.31;98.65
38221.18;98.75
38279.70;98.45
38628.10;98.60
38683.58;98.70
38715.65;98.50
38904.48;98.80
39807.41;98.50
40000.00;98.80
40000.00;98.50
40231.86;98.70
41017.33;98.35
41237.11;98.30
41281.72;98.50
41422.35;98.75
41738.83;98.50
41852.03;98.75
42005.33;98.38
42293.02;98.65
42806.44;98.45
42839.29;98.80
42907.11;98.80
42960.95;98.80
43052.73;98.73
43096.11;98.45
43121.31;98.78
43566.64;98.75
43623.55;98.80
44132.09;98.45
44295.23;98.45
44345.32;98.45
45166.19;98.51
45310.46;98.70
45402.30;98.42
45650.55;98.72
45777.56;98.47
45923.92;98.47
45989.62;98.75
46068.10;98.42
46166.11;98.70
47245.38;98.48
47481.24;98.70
48586.19;98.72
49161.04;98.75
49386.48;98.50
49672.31;98.50
50000.00;98.80
50000.00;98.50
50538.61;98.67
50616.71;98.65
50802.74;98.65
50803.19;98.82
51936.79;98.73
51992.26;98.70
52107.54;98.73
52899.83;98.35
53476.63;98.87
53902.85;98.83
54510.34;98.50
54778.69;98.70
54778.69;98.70
54939.18;98.75
55228.49;98.73
55350.73;98.60
55745.44;98.65
55787.35;98.60
55883.97;98.80
56079.04;98.75
56457.50;98.70
56480.27;98.40
56597.00;98.65
57373.58;98.80
57469.31;98.50
57755.21;98.53
58125.88;98.50
58336.59;98.50
58479.30;98.40
58795.09;98.70
58947.97;98.48
59488.49;98.55
59500.44;98.45
59548.02;98.40
59861.02;98.50
60356.23;98.82
61079.28;98.70
61837.64;98.42
62973.89;98.80
63072.97;98.50
64278.01;98.85
64333.29;98.50
65010.20;98.55
66341.24;98.77
66493.53;98.80
66708.29;98.67
67014.25;98.57
67281.80;98.50
67300.00;98.45
68156.40;98.75
68507.79;98.76
68814.97;98.85
69648.68;98.60
69904.59;98.50
70000.00;98.91
70360.97;98.55
70572.40;98.60
70952.93;98.50
71242.28;98.47
71392.09;98.60
71430.00;98.75
71744.73;98.75
71876.80;98.47
72150.91;98.65
72357.01;98.65
72769.91;98.70
72865.39;98.48
73327.08;98.78
74386.30;98.70
74699.71;98.75
75000.00;98.60
75269.62;98.55
75292.13;98.85
76388.75;98.60
76729.73;98.80
78169.35;98.80
78210.16;98.85
78237.82;98.70
78344.86;98.88
78711.27;98.50
79892.00;98.75
80000.00;98.80
81852.84;98.77
82125.15;98.75
82534.52;98.48
85396.59;98.55
85501.95;98.85
85587.49;98.70
88396.04;98.73
89112.16;98.55
90000.00;98.85
90000.00;98.40
90452.79;98.60
90868.77;98.75
91674.88;98.80
91981.87;98.50
92411.27;98.50
92418.85;98.55
94494.04;98.80
94651.57;98.70
94663.38;98.60
96604.77;98.50
97272.87;98.53
97569.19;98.75
99009.66;98.82
99023.84;98.80
100000.00;98.75
100000.00;98.85
100000.00;98.82
100000.00;98.89
100000.00;98.86
100000.00;98.95
100000.00;98.90
100000.00;98.80
100000.00;98.60
100000.00;98.60
100000.00;98.72
102360.45;98.90
103933.56;98.53
105683.26;98.50
105887.94;98.72
106291.90;98.50
107610.26;98.53
108621.94;98.78
108741.34;98.84
108969.24;98.55
110164.16;98.50
110220.03;98.55
111656.30;98.75
112256.59;98.50
112501.68;98.83
112753.36;98.80
113479.72;98.53
113679.64;98.53
114569.93;98.53
116031.28;98.75
116544.95;98.72
116750.00;98.65
117341.52;98.80
117478.81;98.50
122588.76;98.53
122712.77;98.57
124533.87;98.53
124744.94;98.85
125221.31;98.70
128968.62;98.80
129663.39;98.53
132077.98;98.50
132746.97;98.78
132895.67;98.53
135169.77;98.80
137933.10;98.65
140000.00;98.53
141878.83;98.69
144187.35;98.82
146000.00;98.95
149307.72;98.65
150000.00;98.84
150000.00;98.60
151816.37;98.57
152929.36;98.60
153982.54;98.58
154000.00;98.50
157719.17;98.58
162066.90;98.71
162066.90;98.67
162589.82;98.73
163408.45;98.82
163772.54;98.60
164600.61;98.82
165000.00;98.75
165764.11;98.55
167696.76;98.75
172196.72;98.53
173000.00;98.70
178717.57;98.82
183888.59;98.75
186755.08;98.52
193596.33;98.60
196040.15;98.70
197034.12;98.58
197693.46;98.65
199353.42;98.80
200860.64;98.83
202521.27;98.50
202587.58;98.55
203795.47;98.80
207197.66;98.84
207624.25;98.53
210000.00;98.63
210214.62;98.50
211314.92;98.74
214497.99;98.50
214554.93;98.82
217457.14;98.50
220740.47;98.58
223081.03;98.66
224976.34;98.50
230579.44;98.54
240629.68;98.75
241979.10;98.61
244874.80;98.53
246187.74;98.60
249308.42;98.83
249652.21;98.55
259261.49;98.90
261849.15;98.85
261976.65;98.80
268361.89;98.95
272000.00;98.55
274007.12;98.77
274645.71;98.55
281045.37;98.75
287906.86;98.63
289349.67;98.55
292265.38;98.55
300000.00;98.70
300000.00;98.50
300000.00;98.55
301004.21;98.50
302430.04;98.75
310919.00;98.75
313757.29;98.90
317435.84;98.80
326082.49;98.90
337022.92;98.55
346511.36;98.75
349552.21;98.90
355916.30;98.80
360000.00;98.83
365989.72;98.75
375506.98;98.91
390005.03;98.78
400000.00;98.65
405955.06;98.55
405975.65;98.62
409844.24;98.55
412669.49;98.56
414725.22;98.72
427809.80;98.53
428358.93;98.55
438172.84;98.56
440000.00;98.75
442263.65;98.80
449538.06;98.58
450000.00;98.95
456876.62;98.80
475376.51;98.83
476000.00;98.58
512907.56;98.72
520653.63;98.75
583802.02;98.60
586538.75;98.80
595000.00;98.84
600000.00;98.85
616833.44;98.55
628309.88;98.55
641711.41;98.87
653124.43;98.85
665444.81;98.63
683151.54;98.84
683585.22;98.55
687383.92;98.50
850000.00;98.70
850009.38;98.58
878000.00;98.95
909037.24;98.95
931371.95;98.70
963187.20;98.72
981731.20;98.90
1000230.10;98.57
1078138.99;98.80
1080000.00;98.63
1175752.86;98.95
1200000.00;98.85
1235000.00;98.95
1594842.04;98.70
1816049.60;98.60
2511613.62;98.65
4447689.71;98.80
